,count,mean,std,min,5%,25%,50%,75%,95%,max
yard_utilization_ratio,3303.0,0.7066196464727167,0.28299829103561563,0.10911636333690192,0.20804270583454637,0.4658633356653059,0.7576012777697111,1.0,1.0,1.0
