epoch,train_loss,val_acc,val_f1
0,,0.7631578947368421,0.4328358208955224
1,,0.7631578947368421,0.4328358208955224
2,,0.7631578947368421,0.4328358208955224
3,,0.7631578947368421,0.4328358208955224
4,,0.7631578947368421,0.4328358208955224
5,,0.7631578947368421,0.4328358208955224
